{
	"name": "ScoreExtended",
	"version": "1.0.22",
	"title": "Score Extended (new rocket score window)",
	"author": "BinbinHfr",
	"description": "Extension to original rocket score window. Display number of rockets and averages. Autohide the window after a delay. Autolaunch option. Rocket combinators.",
	"homepage": "https://forums.factorio.com/viewtopic.php?f=92&t=26519",
	"contact": "https://forums.factorio.com/memberlist.php?mode=viewprofile&u=14267",
	"factorio_version":"0.14",
	"dependencies": ["base >= 0.14.0"]
}
