{
"name": "ResearchRevolution",
"version": "0.14.9",
"title": "Research Revolution",
"author": "Peppe",
"homepage": "https://www.reddit.com/r/factorio/comments/56ew5w/mod_research_revolution_15_science_packs_in_14/",
"contact": "https://www.reddit.com/user/Lord_Peppe/",
"dependencies": ["base >= 0.14", "? bobtech >= 0.14.0", "? bobplates >= 0.14.0", "? Natural_Evolution_Expansion >= 6.4.0" ],
"factorio_version": "0.14",
"description": "Change what is in science packs to match .15 preview."
}