{
  "name": "TombStones",
  "version": "0.14.1",
  "factorio_version": "0.14",
  "title": "Tomb Stones",
  "author": "TehRoach",
  "contact": "",
  "homepage": "",
  "factorio_version": "0.14",
  "dependencies": ["base >= 0.13"],
  "description": "Creates a Tomb Stone with all your stuff in it when you die\n\nTomb Stones can't be used as massave chests and need to be mined to get items back, which then leaves a little memorial stone, they can also be damaged and destroyed\n\nGraphic stolen from Hazzard's Gravestones, because I prefer Hazzards graphic to all the other death save MODs, but it isn't working on my copy of Factorio"
}
